{
    "accuracy": 0.9747793190416141,
    "precision": 0.8888888888888888,
    "recall": 0.9861687413554634,
    "f1_score": 0.9304873772791024
}